Financial Instrument,Industry,Last,26 Week IV Percentile,26 Week IV Rank,26 Week IV Low,26 Week IV High,Opt. Implied Volatility %,26 Week High,26 Week Low
BND NASDAQ.NMS,,72.37,76.42276287078857,14.232303619384766,3.71304757277646,19.519421325620215,6%,74.33999633789062,70.42839813232422
VCIT NASDAQ.NMS,,81.20,73.98374080657959,5.766849517822266,3.7511463121518056,51.919165286256415,6.5%,82.31500244140625,78.24079895019531
AGG ARCA,,97.49,46.341463923454285,3.0067155361175537,3.8146440879083183,63.974267430111496,5.6%,100.19000244140625,94.81770324707031
